Asset,MSE,RMSE,MAE,R2,DirectionalAcc
Short Treasuries (SHY),4.994719711248763e-05,0.007067333097603906,0.0051259626634418964,-0.7097828388214111,0.6025179856115108
Long Treasuries (TLT),0.0026969038881361485,0.05193172333108298,0.04114720597863197,-0.12517082691192627,0.5611510791366906
Gold (GLD),0.0027160905301570892,0.052116125433085386,0.04214109107851982,-0.5888481140136719,0.533273381294964
Equity (SPY),0.004378008656203747,0.06616652217098724,0.047020334750413895,-0.06379938125610352,0.5737410071942446
Oil (DBO),0.0214310884475708,0.1463936079464223,0.11756264418363571,-0.648229718208313,0.5404676258992805
